,Filename,Label
0,92053278_be61a225d2.jpg,w
1,96063776_bdb3617b64.jpg,m
2,3461016494_56cce9c984.jpg,m
3,3555944509_7b477069c6.jpg,w
4,3074791551_baee7fa0c1.jpg,w
5,person.jpg,w
6,348272697_832ce65324.jpg,m
7,3574737496_6ee8207045.jpg,m
8,2722779845_7fcb64a096.jpg,w
9,3534188114_2108895291.jpg,m
10,3264867945_fe18d442c1.jpg,m
11,2795838930_0cc5aa5f41.jpg,m
12,3638950581_3387685d3a.jpg,w
13,personalpic.jpg,m
14,262007783_943bbcf613.jpg,w
15,2327253037_66a61ea6fe.jpg,m
16,10comm-decarlo.jpg,w
17,144044282_87cf3ff76e.jpg,w
18,137341995_e7c48e9a75.jpg,m
19,299733036_fff5ea6f8e.jpg,m
20,57635685_d41c98f8ca.jpg,m
21,3152653555_68322314f3.jpg,w
22,2711409561_a0786a3d3d.jpg,m
23,252418361_440b75751b.jpg,m
24,2633371780_45b740b670.jpg,m
25,2956581526_cd803f2daa.jpg,w
26,britney-bald.jpg,w
27,97308305_4b737d0873.jpg,m
28,2382SJ8.jpg,m
29,3273658251_b95f65c244.jpg,m
30,deeny.peggy.jpg,w
31,3534189272_8ef88ba368.jpg,w
32,1084239450_e76e00b7e7.jpg,m
33,1198_0_861.jpg,m
34,3855944735_e252959937.jpg,m
35,809285949_6889026b53.jpg,m
36,2902323565_100017b63c.jpg,m
37,matt-mathes.jpg,m
38,529447797_0f9d2fb756.jpg,m
39,3689162471_5f9ffb5aa0.jpg,m
40,297448785_b2dda4b2c0.jpg,m
41,person-7.jpg,w
42,3872768751_e60d7fdbd5.jpg,w
43,2370961440_6bc8ce346c.jpg,w
44,3790616528_297c0ac935.jpg,m
45,2210514040_6b03ff2629.jpg,m
46,110276240_bec305da91.jpg,w
47,363149951_8be04dc6c0.jpg,m
48,1549040388_b99e9fa295.jpg,m
49,person_TjahjonoDGondhowiardjo.jpg,m
50,2647088981_60e9fe40cd.jpg,m
51,343583208_e986824d77.jpg,w
52,3718903026_c1bf5dfcf8.jpg,w
53,1383023626_8a49e4879a.jpg,w
54,0805personali01.jpg,w
55,152601997_ec6429a43c.jpg,m
56,2902760364_89c50bde40.jpg,w
57,2046713398_91aaa6fe1c.jpg,w
58,2328398005_d328a70b4c.jpg,w
59,1878519279_f905d4f34e.jpg,w
60,362167809_d5a5dcbfdb.jpg,m
61,2322901504_08122b01ba.jpg,w
62,3362762930_24f76cb89c.jpg,w
63,3856149136_d4595ffdd4.jpg,w
64,3646828311_bfeb429ef7.jpg,w
65,3298715079_5af7c78fcb.jpg,w
66,303808204_1f744bc407.jpg,m
67,3325611505_ddc7beffa1.jpg,m
68,2173711035_dbd53b4f9f.jpg,w
